None,3774,241
AutoModerator,229,1
Bleezy79,58,2
Witty_Ticket_4101,46,2
I_Dont_Like_Rice,40,1
Buckeyes2110,39,1
Shutaru_Kanshinji,35,2
DM_ME_UR_BOOBS69,29,2
0x7E7-02,29,2
DoubleDipCrunch,28,28
Mammoth-Mud-9609,25,536
Rasikko,24,1
ihoptdk,23,2
TaupMauve,23,2
ChriskiV,23,1
Dapper-Percentage-64,23,925
AdeptnessMany3806,23,20
ModeatelyIndependant,22,12
Delicious_Actuary555,22,1
wonkey_monkey,20,3
ExcitingStress8663,20,1
ForGrateJustice,20,2
WeeklyEmu4838,20,2
Liesmith424,20,1
mn25dNx77B,19,23
Alatar_Blue,19,2
nomamesgueyz,19,1
red286,19,9
qualityvote2,19,0
Secret_Account07,19,9
Bubbly57,18,1
Slazman999,18,5
KneelBeforeMeYourGod,18,1
MiamiPower,18,1
No_Squirrel4806,18,109
Ksh_667,18,18
Ok-Fox1262,18,5
FloppyObelisk,17,38
topredditbot,17,2
Genghis27KicksMyAss,17,1
WintersDoomsday,17,2
Lots42,16,1
2020mademejoinreddit,16,9
GentlmanSkeleton,16,2
HilariousMax,16,0
Redzero062,16,6
OliverOyl,16,1
astralseat,15,8
alwaysfatigued8787,15,3407
Heidi-Shadows,15,331
frosted_nipples_rg8,15,2
Techn0ght,15,3
Expert_Marsupial_235,15,1
OneWholeSoul,15,2
strangebru,15,7
PG-DaMan,15,27
Alienhaslanded,15,1
SomethingAbtU,15,110
MisterInternational1,15,3
zztop610,14,23
Independent_Prune_35,14,1
Jelly_Jess_NW,14,139
NordicGrindr,14,19
ZealousidealBread948,14,2
Mamenohito,14,19
jawshoeaw,14,17
Ambitious_Welder6613,14,44
ChicagoAuPair,14,2
ButtBread98,14,11
PatrickWagon,14,6
FblthpLives,14,2
hold-on-pain-ends,14,2425
WhattheDuck9,14,2172
BlueBird884,14,2
DebstarAU,14,252
SippingSancerre,14,6
gun-something,14,1
AfterImageEclipse,13,1
Deedeelite,13,854
aussiechickadee65,13,2
Randomfrog132,13,1
MRSRN65,13,1
TheDevilsAdvokaat,13,2
GenesisCorrupted,13,637
WitchMaker007,13,6
Expert_Guava_8037,13,2
Uncle-Cake,13,2
l94xxx,13,1
PrometheusMMIV,13,2
ExpectedEggs,13,1
HabibCoriatArielC,13,1
TernionDragon,13,21
St3llarski,13,0
No-Drawing-7604,13,3
beerbellybegone,13,1690
DotBitGaming,13,5
Shaggarooney,13,1
Few-Emergency5971,13,1
NeatNefariousness1,13,2
YOKi_Tran,13,17
Gloria_Barbers09,13,1
SunriseSurprise,13,1
Cute-Organization844,13,145
Odys,12,1
VapoursAndSpleen,12,1
boostedpoints,12,1
LeecherKiDD,12,2
One-Earth9294,12,2
SegelXXX,12,566
buttscratcher3k,12,3
mothzilla,12,5
Deep-Room6932,12,1
SignalBattalion,12,1
Heart_Longjumping,12,15
CanAhJustSay,12,7
AlludedNuance,12,3
whistlepig4life,12,4
y8T5JAiwaL1vEkQv,12,597
C64128,12,4
MightBeTrollingMaybe,12,2
HiveOverlord2008,12,2
Single_Cookie_6000,12,3
Weird_Albatross_9659,12,4
zyzzogeton,12,2
fffan9391,12,4
Jack_M_Steel,12,2
No-Criticism-2587,12,4
gofigure85,12,1
LifeBuilder,12,1
Mysterious-Kale-948,12,6
CementCemetery,12,2
SooperFunk,12,3
favnh2011,12,1
BicFleetwood,12,7
Timely-Guest-7095,12,2
njckel,11,1
EndersGame_Reviewer,11,195
CaptainBayouBilly,11,15
PewPewPony321,11,1
SquidVices,11,292
OptiKnob,11,2
wish1977,11,925
Stunning_Tap_9583,11,1
Petefriend86,11,1
Pepperoni_Dogfart,11,39
Benromaniac,11,5
iwannabesmort,11,4
Ok-Consequence-8553,11,1
model3113,11,1
VaguelyArtistic,11,77
Last_Chants,11,2
Magenta-Magica,11,18
Black_and_Purple,11,1
mexicandiaper,11,1
DrTommyNotMD,11,2
Soft_Sea2913,11,1
Miserable-Ad1061,11,1
Both-Home-6235,11,11
Various_Garden_1052,11,4
-SunGazing-,11,2
DoneinInk,11,33
ChronoLink99,11,2
disdkatster,11,1
MaryMulberryg,11,11
ItsStaaaaaaaaang,11,1
Michaeli_Starky,11,14
Naughty_Kellyy,11,2
Almacca,11,143
DaveInLondon89,11,26
Bhaaldukar,11,1
ionised,11,1
MartinOToole683,11,2
Few-Finger2879,11,1
rygelicus,11,7
shewy92,11,65
I_like_baseball90,11,2
flargenhargen,10,5
vibrantcrab,10,3
Four-Triangles,10,17
Fancy_Art_6383,10,1
Oldportal,10,3
ufkabakan,10,2
GreyGroundUser,10,1
ViolettaQueso,10,5
SuperBwahBwah,10,2
ComicsEtAl,10,20
Fragrant_Cod_5242,10,3
Crazyripps,10,17
jgreg728,10,38
ProperPerspective571,10,4
Zippier92,10,334
psychoacer,10,1
Sardonnicus,10,1
hallowed-history,10,2
Dd_8630,10,16
ChocoPuddingCup,10,12
davechri,10,261
miketherealist,10,1
Charming_Psyduck,10,1
Jack-of-Hearts-7,10,2
Its0nlyRocketScience,10,15
OkRush9563,10,221
SmartOpinion69,10,6
Art_Of_Thor,10,1
rileyjw90,10,4
Another_Road,10,6
Vaaluin,10,23
Jazzlike-Duck-7257,10,1
D3dshotCalamity,10,3
Bored_Amalgamation,10,6
thegreatbrah,10,3
PM_ME_Happy_Thinks,10,2
Pleasant_Scar9811,10,3
kittenofd00m,10,21
907HighwayCluster,10,1
iSeize,10,1
Rufus_heychupacabra,10,14
Sanquinity,10,1
BeefistPrime,10,1
seeyousoon-29,10,1
Scorpion2k4u,10,5
gukinator,10,2
logosfabula,10,2
xSTSxZerglingOne,10,1
sysaphiswaits,10,3
CilanEAmber,10,2
Pomodorosan,10,1
Slanderouz,10,2
GroundbreakingAge591,10,26
MithranArkanere,10,1
Capt_Pickhard,10,2
cupsnak,10,1
Bread_Shaped_Man,10,1
MidKnightshade,10,44
Possible-Tangelo9344,10,34
ycr007,10,174
OddballLouLou,10,1
I_PING_8-8-8-8,9,3
My51stThrowaway,9,6
Unhappy_Trade7988,9,2
PigFarmer1,9,2
HairySidebottom,9,6
Breadstix009,9,1
wanabepilot,9,11
Distinct-Quantity-35,9,2
MajorEbb1472,9,3
Vladmerius,9,4
PandorasFlame1,9,3
agumonkey,9,1
blender4life,9,1
shitlord_god,9,4
MyHamburgerLovesMe,9,2
iconsumemyown,9,1
jackfaire,9,9
Krojack76,9,3
Heavy_Law9880,9,8
BidoofSupermacy,9,3
TiredEsq,9,1
Upsetti_Gisepe,9,2
CurlOfTheBurl11,9,11
PKMNTrainerMark,9,2
rick_the_freak,9,2625
SCTigerFan29115,9,127
Bballer220,9,1
WrongColorCollar,9,9
Desperate-Ad-6463,9,1724
Vomderpee,9,1
Quokka-esque,9,3
Numerous-Celery-8330,9,1
DoYouTrustToothpaste,9,1
rikashiku,9,97
Xikkiwikk,9,1
exgiexpcv,9,4
Ok_Blackberry_284,9,75
Hour_Ad5398,9,2
Available_Leather_10,9,3
LEGTZSE,9,8
Adamantium-Aardvark,9,263
liamanna,9,8
raebunnii07,9,1
robo-dragon,9,1342
RevWaldo,9,4
Endorkend,9,2
Fritzo2162,9,16
Intelligent-Owl-4440,9,13
skygt3rsr,9,2
Repulsive_Parsley47,9,0
alwayskared,9,1
HowAManAimS,9,68
Every-Quit524,9,8
Lotus-child89,9,2
JunketPuzzleheaded42,9,1
Fabulous-Stretch-605,9,2
Fit_Read_5632,9,258
missystarling,9,3
Raichu7,9,148
RealChelseaCharms,9,2
Toadsted,9,1
Lore_ofthe_Horizon,9,1
Guba_the_skunk,9,3
JediMasterPopCulture,9,3
Legitimate_Let_4136,9,2
Debalic,9,5
Pristine_Serve5979,9,3
southErn-2,9,3
cokopufffs,9,2
Cyber_Insecurity,9,1
HeightExtra320,9,2
Yesmir1,9,1
UserAccountBanned,9,13
FormInternational583,9,2
Captcha_Imagination,9,17
Beneficial-Salt-6773,9,1
Chaosmusic,9,1
Additional_Vanilla31,9,35
Could_be_persuaded,9,1
tarzan322,9,1
mynameisnotsparta,9,1
Themodsarecuntz,9,1
soilhalo_27,8,327
CitroHimselph,8,59
queuedUp,8,30
Skilletquesoandchill,8,11
Apprehensive-Pin518,8,2
charliphoenix,8,1
Les-incoyables,8,4
apocketfullofcows,8,2
largececelia,8,1
DouceintheHouse,8,1
Dandytrash,8,0
Altruistic-Poem-5617,8,92
Affectionate-Fix8053,8,1
Kindly-Ad-5071,8,23
PrettyGoodMidLaner,8,2
B00OBSMOLA,8,34
CheezeLoueez08,8,2
Corwin_777,8,811
No-Appearance-9113,8,1
Not_MrNice,8,37
TabletopStudios,8,3
bakeacake45,8,3
ReasonPale1764,8,1
Solkre,8,1
ErabuUmiHebi,8,1
Garchompisbestboi,8,1
ThatsNotDietCoke,8,1
Humble_Decision2784,8,0
Revenga8,8,22
Crimson_Scare_Crow,8,4
Rude_Negotiation_160,8,119
AssociateJaded3931,8,2
CorrectTarget8957,8,1
Molly_Matters,8,2
MysteriousPark3806,8,7
SemaphoreKilo,8,2
cbj2112,8,1
Breezetwists1988,8,42
axe1970,8,3
frommethodtomadness,8,8
Hennabott96,8,1
morts73,8,1
samspadeslater,8,1
Toph-Builds-the-fire,8,2
PostTwist,8,1
Capybarasaregreat,8,2
Professional-Box4153,8,2
mcasao,8,1
Memitim,8,2
Loyal9thLegionLord,8,1
EsotericTribble,8,1
Easy-Sector2501,8,1
Joeyboy_61904,8,2
ILoveRegenHealth,8,3
Cadiz92,8,792
ThatInAHat,8,10
ChroniclesOfSarnia,8,28
grahsam,8,7
No_Consideration7925,8,1
Scifig23,8,2
Trix_Are_4_90Kids,8,4
CARDEK04,8,957
KellyThrone,8,1
cartercharles,8,36
ZagiFlyer,8,3
Pletcher87,8,1
SirLesbian,8,1
Ultima-Veritas,8,2
OneOfAKind2,8,9
Cazzavun,8,4
ExtremlyFastLinoone,8,493
Abnormal_readings,8,1
I_ReadThe_Comments,8,1
DWMoose83,8,1
OzzyG16,8,63
LKNANML,8,1
RangerMatt4,8,1
Blackhole_5un,8,4
Dr_Punch_Rockgroin,8,0
Yaarmehearty,8,2
DebraBaetty,8,1
FloraMaeWolfe,8,22
PontiffSlayer,8,1
suckmyballzredit69,8,2
Longjumping_Bench656,8,1
Piemaster113,8,10
Piccoroz,8,2
omgitsduane,8,15
crackersncheeseman,8,1
HeyManItsToMeeBong,8,4
Ready_Doubt8776,8,1
mostlyBadChoices,8,8
brute_red,8,1
SewRuby,8,2
Free_Unit5617,8,1
flinderdude,8,1105
D_Winds,8,3
OrangeCosmic,8,1
rydan,8,2
fuzzycuffs,8,182
Andreus,8,5
Intelligent_Suit6683,8,23
pepchang,8,1
FlaeskBalle,8,0
strukout,8,592
Deckard2022,8,28
Rso1wA,8,16
Dorrono,8,56
Koolaidsfan,8,1
miradotheblack,8,3
athanathios,8,2
GoodGoodK,8,1
Shadowthron8,8,1
Big_Green_Piccolo,8,2
Fluffy-Brain-Straw,8,1
MercyfulJudas,8,1
ThatEcologist,8,2
coolbaby1978,8,956
Eastern-Dig-4555,8,14
the-real-bella-lexi,8,1
NotMyGovernor,8,1
beerforbears,8,2
RaidSmolive,8,2
PainterEarly86,8,2
AndersonDanek,8,4
Fantastic-Use-6773,8,2
darybrain,8,1
OJimmy,8,13
FlamingTrollz,8,3
LazyLaserWhittling,8,0
SassyHoney5430,8,3
Repulsive-Lobster750,8,5
Brian_The_Bar-Brian,8,1
ImpossibleYou2184,8,1
BonJovicus,8,5
SwordfishOk504,8,2
PutnamPete,8,1
Radiant_Beyond8471,8,2
Echo_Forward,8,3
Captain_Weird_Beard,8,10
Wakkit1988,8,1
Steviesgirl1,8,17
Toast_n_mustard,8,629
Various-Ducks,8,3
valencia_merble,8,7
Spartan2470,8,2462
MhrisCac,8,1
JessicaLain,8,1
BizzyM,8,1
Whole-Debate-9547,7,2
AdrianInLimbo,7,374
MDA1912,7,9
Masterpiece_1973,7,1
FloppySlapper,7,2
National-Worry2900,7,30
WelcometoCigarCity,7,1
IceNein,7,1
Dust-Different,7,698
Tayce_t1,7,2
Bouche_Audi_Shyla,7,5
mortalcoil1,7,5
StockMarketCasino,7,7
AgileBlackberry4636,7,0
Ya-Dikobraz,7,1
bootes_droid,7,4
jerryleebee,7,1
RetroSwamp,7,1
zaphod4th,7,19
threaten-violence,7,1
CaptainMacMillan,7,5
Phrovis19601a,7,1
gloomflume,7,2
Substantial_Hold2847,7,2
Own_University4735,7,1
Defiant-Specialist-1,7,1
Helpful_Judge2580,7,7
Procrastanaseum,7,35
Atheist_Simon_Haddad,7,1
microvan,7,22
JustPonsie,7,1
hvacjefe,7,52
No-Length2774,7,9
unWildBill,7,6
DesastreUrbano,7,1
Chosen_UserName217,7,1
Democracystanman06,7,2
theflush1980,7,112
IllSearch5,7,7
b__lumenkraft,7,45
Malani-Dazzle,7,1
Minute_Attempt3063,7,136
Joaoreturns,7,3
DJMagicHandz,7,17
Impressive-Box-2911,7,6
realhmmmm,7,1
Chuckbuick79,7,2
RedBeans-n-Ricely,7,9
Far-Basil-3737,7,1
Thing437,7,10
SuckAFattyReddit1,7,2
_Fun_Employed_,7,1
Final_Winter7524,7,1
GravityEyelidz,7,3
MasonSoros,7,2
Interesting_Cow5152,7,17
DinosaurInAPartyHat,7,5
TheNo1pencil,7,1
thecatandthependulum,7,49
_jump_yossarian,7,1
TopAward7060,7,1
Firm_Organization382,7,4
JacoRamone,7,1
postprandialrepose,7,1
Chaosrealm69,7,2
LEGamesRose,7,0
-WaxedSasquatch-,7,102
FriendlyLeague7457,7,2
CheekyyyCharm,7,1
PopularAd4953,7,2
Antique_Flounder7487,7,0
dwaynekdclarke876,7,1
PixelPeach123,7,129
OldTiredAnnoyed,7,4
Ayotha,7,1
QueenOfQuok,7,2
Flimsy_Shallot,7,1
Ppleater,7,1
steveshitbird,7,1
Rightbuthumble,7,24
WebInformal9558,7,3
CAPICINC,7,1
SadPandaFromHell,7,579
jldtsu,7,4
slackerdc,7,3
Green_Collection_763,7,1
SansLucidity,7,2
bill_b4,7,1
Skreamie,7,2
Shnazzyone,7,4
Designer-Character40,7,29
AstroBearGaming,7,5
mznh,7,9
Consistent_Amount140,7,1
AffectionateStorm947,7,7
2FistsInMyBHole,7,2
SharkyNightmares,7,1
JustASt0ry,7,61
The_Last_Ball_Bender,7,2
Adventurous-Sky9359,7,7
the_hervature,7,1
GuzPolinski,7,2
Grand_Taste_8737,7,-1
No-Boysenberry-5581,7,1
Crogzyy-,7,1
TDK_90,7,3
selkiesidhe,7,5
ArknShazam,7,1
BendNo6796,7,1
SortaSticky,7,1
Ok_Violinist1817,7,5
Hot-Category2986,7,389
Lefty_22,7,1
Grrerrb,7,1
TheHistorian2,7,2
MissLisaMarie86,7,2
Luci-Noir,7,0
arizonatasteslike,7,3
TheXypris,7,44
dreamdaddy123,7,3
imadork1970,7,4
appletinicyclone,7,0
ssbm_rando,7,5
Any_Roof_6199,7,2
Biggu5Dicku5,7,2
annatariel_,7,707
Normal-Tadpole-4833,7,1
CW-Builds,7,2
BrightPerspective,7,1
budha2984,7,1
Finrod84,7,1
safely_beyond_redemp,7,1
MrFuckyFunTime,7,67
zyarva,7,8
Maewhen,7,2
itallsucks80,7,9
HeyPhoQPal,7,1
OldWar1111,7,0
Global_Permission749,7,2
Minimaliszt,7,5
ForceBlade,7,2
Financial_Past8322,7,19
Bratbaby710,7,1
Superb-Albatross-541,7,4
chinmakes5,7,444
Quiet-Test5888,7,1
gangofocelots,7,2
iiitme,7,2
Naive-Present2900,7,1
Paracausality,7,2
WiSoSirius,7,1
OpenYour0j0s,7,10
DeithWX,7,2
houseswappa,7,-1
Gumbercules81,7,82
alluptheass,7,23
DCINTERNATIONAL,7,9
awesomedan24,7,5
Temporary_Tune5430,7,175
d3rpderp,7,3
Humans_Suck-,7,10
Ok_Simple6936,7,3
theevilyouknow,7,1
mattjf22,7,2
WolfOfPort,7,48
Moribunned,7,2
PocketSixes,7,5
NIDORAX,7,1
Illustrious_Toe_4755,7,3
sexpsychologist,7,562
UncleGarysmagic,7,1
IHate2ChooseUserName,7,3
Spirited-Trip7606,7,1
WannabeSloth88,7,122
AbrasiveOrange,7,449
marc-of-the-beast,7,2
kluthage421,7,1
AvatarADEL,7,524
Assist-Fearless,7,1
consumeshroomz,7,1
Peatore,7,1
Frostsorrow,7,2
ImPretendingToCare,7,1
Anarchyantz,7,1920
wemustkungfufight,7,1445
--mrperx--,7,1
Indigoh,7,2
Oh_its_that_asshole,7,1
Seaguard5,7,1
ihazmaumeow,7,3
lovelife0011,7,0
nelflyn,7,1
JNorJT,7,1
Zanahorio1,7,5
Representative-Sir97,7,35
Traditional_Win3760,7,1
ihavewaytoomanysocks,7,1
SinisterCheese,7,12
Shadowofenigma,7,34
StrikingWedding6499,7,30
WhatsRatingsPrecious,7,83
Elly_Fant628,7,19
stonrelectropunkjazz,7,58
Tazling,7,3
Protect-Their-Smiles,7,23
Sacklayblue,7,6
umijuvariel,7,122
Ruenin,7,19
MrByteMe,7,28
SwedishTrees,7,2
zombieruler7700,7,2
art-is-t,7,572
Firehorse100,7,2
z-lady,7,3
RaD00129,7,10
ccccombobreakerx,7,444
indorock,7,1
ThrowawayAccount1437,7,4
billiarddaddy,7,128
TimequakeTales,7,3
joseg13,7,9
notthenomma,7,1
ZoNeS_v2,7,178
StrivingToBeDecent,7,2
blackmobius,7,1
Rocky_Vigoda,7,2
Bitter_Silver_7760,7,1
waxkid,7,1
Many-Wasabi9141,7,1
Devils_Advocate-69,7,17
whacafan,7,1
_Tar_Ar_Ais_,7,4
Waveofspring,7,2
Sharp-Study3292,7,1
SonUpToSundown,7,159
Tricky_Invite8680,7,2
Kal-L725,7,5
Fineous40,7,5
okram2k,7,4
goatjugsoup,7,1
Sierraink,7,1
Earthkilled,7,30
blacksoxing,7,1
Lou_Papas,7,-8
RyeNo4U,7,1
llorandosefue1,7,6
UnExplanationBot,7,1
Mahaloth,7,2
Phillip_Graves,7,1
theblackxranger,7,1
olyfrijole,7,1
lokojufr0,7,1
64590949354397548569,7,21
fivemagicks,7,1
Empty-Discount5936,7,5
3eyed-owl,6,1
SnooJokes6184,6,1
HumpaDaBear,6,10
laurex2010,6,1
ooouroboros,6,11
Cannibal_Yak,6,6
nono66,6,4
KairraAlpha,6,3
Apprehensive-Till861,6,9
pnellesen,6,10
intr0v3rt13,6,1
pubescentgod,6,3
TheNewIfNomNomNom,6,1
_Stank_McNasty_,6,1
Ruraraid,6,4
Ok-Director5082,6,10
Emergency-Pack-5497,6,2
chironomidae,6,1
ConGooner,6,2
penny-wise,6,2
planet_janett,6,3
wytewydow,6,9
Independent-Bug-9352,6,12
funkekat61,6,1
DataPhreak,6,1
LemonPartyW0rldTour,6,1
CaptWrath,6,23
Ksorkrax,6,1
3ThreeFriesShort,6,27
MishmoshMishmosh,6,2
Once-Upon-A-Hill,6,4
No_Investment9639,6,2
Furled_Eyebrows,6,1
Agreeable_Character7,6,1
PangolinSea4995,6,2
PMMeMeiRule34,6,14
Historical_Sherbet54,6,1
CompetitiveRub9780,6,16
True-End-882,6,0
CuriousNomad3868,6,1
falcon9722,6,0
Icomeforyourtacos,6,2
GEN_X-gamer,6,61
Kafshak,6,11
Both-Leading3407,6,2
marterikd,6,1
Sawertynn,6,1
Uncommon-sequiter,6,1
kuonofomo,6,1
NoBSforGma,6,2
luiger,6,479
SkinnyObelix,6,14
Pribblization,6,59
Busterlimes,6,2
Interesting_Gur_8720,6,1
FourScoreTour,6,2
agentfaux,6,1
Pleasant_Wonder_7074,6,23
Sl0ppyOtter,6,22
fluffykerfuffle3,6,1
SuperSimpleSam,6,50
duke9350,6,1
Aeseld,6,1
ThePurpleKnightmare,6,4
Training_Waltz_9032,6,54
DoubleAmygdala,6,2
mr-blister-fister,6,537
Complex_Winter2930,6,19
Clearwatercress69,6,0
extrastupidone,6,1
Aiyon,6,3
eulynn34,6,83
ChesterDrawerz,6,1
OneFish2Fish3,6,1
Sure_Temporary_4559,6,85
OutlawCaliber,6,2
bluedancepants,6,1
NicholasANataro,6,0
DistinctTeaching9976,6,3
Getafixxxx,6,1
f-Z3R0x1x1x1,6,3
Bootiluvr,6,2
pvrhye,6,1
alaingames,6,824
TheDigitalRanger,6,4
Schoolquitproducer,6,1
Mammoth_Animator9617,6,1
fairysquirt,6,1
PartofFurniture,6,3
ktka,6,1
Travelinjack01,6,4
casket_fresh,6,6
Sol-Blackguy,6,17
Ill-Dependent2976,6,85
Estimated-Delivery,6,3
penarhw,6,1
PixelBoom,6,2
thekyledavid,6,2
GnollRanger,6,1
Wills4291,6,3
xChoke1x,6,16
DoingItForEli,6,951
UngregariousDame,6,6
SaintTastyTaint,6,5
InAnAltUniverse,6,1
Astyanax1,6,27
Sea_Baseball_7410,6,1
AValentineSolutions,6,29
dark_knight920,6,2
Holden_Coalfield,6,112
trainsacrossthesea,6,14
Velocoraptor369,6,11
curious_dead,6,529
assassbaby,6,2
ReindeerKind1993,6,1
mynextthroway,6,1
lugnutter,6,1
im_a_stapler,6,14
Nenoshka,6,1
findhumorinlife,6,1
Sure_Tea_6603,6,1
Awkward-Fudge,6,875
Shady_Scientist,6,1
Far_Out_6and_2,6,1
Alarming-Owl-4879,6,2
hot4you11,6,3
blakkattika,6,2
Honest_Relation4095,6,236
manifest_ecstasy,6,1
Curling49,6,1
maybesaydie,6,1
Anders_A,6,2
Carbon-Base,6,962
imsowhiteandnerdy,6,6
InstrumentalCore,6,2
GoCryptoYourself,6,4
Listening_Heads,6,3
Calm-Box4187,6,7
Your-cousin-It,6,1
StewartConan,6,2
JohnCasey3306,6,2
_Aracano,6,2
mearbearcate,6,1
Crazymofuga,6,2
i_ate_them_all,6,2
classytxbabe,6,1
LilG1984,6,304
Zerocoolx1,6,1
medusa_crowley,6,31
Y34rZer0,6,397
banan-appeal,6,3
AardvarkTerrible4666,6,1
Logical_Bad1748,6,2
No-Procedure6334,6,1
ALPHA_sh,6,37
Professional-Day7850,6,1
Lexi_Banner,6,3
stampedeonmahballz,6,6
Kingbreww,6,1
Mcboatface3sghost,6,42
fundiedundie,6,1
old_and_boring_guy,6,1733
patentmom,6,15
PulIthEld,6,1
K1ng0fThePotatoes,6,1498
FLVoiceOfReason,6,4
TheeLastSon,6,1
ppartyllikeaarrock,6,3
gabahgoole,6,2
CovidThrow231244,6,1
dainty_petal,6,3
No_Pipe_8257,6,18
Themurlocking96,6,1
squigs,6,3
omguserius,6,1
Early_Reindeer4319,6,4
Papichuloft,6,1
Bartender9719,6,3
Makuta_Servaela,6,2
MacroManJr,6,14
ZZartin,6,139
EverythingBOffensive,6,1
AdRecent9754,6,-4
detofofefe8777,6,0
ApartmentInside7891,6,289
Frequent-Ad-4350,6,1
yourbabe1516,6,31
wojtekpolska,6,55
TrueCuriosity,6,9
ACuddlyVizzerdrix,6,1
Szerepjatekos,6,1
mikeymikeymikey1968,6,3
epoof,6,4
brattysweat,6,1
NetOk3129,6,2
hannahbananaballs2,6,4
Bibbus,6,4
JohnDoeBrowse,6,1
Zardozin,6,1
zerbey,6,87
altiif,6,36
DckThik,6,29
Lowerma,6,1
EidolonRook,6,355
creedokid,6,1
ancient_mariner63,6,4
Hotwife_Kelly,6,1
Imakeshitup69,6,1717
JollyResolution2184,6,2
SkullsNelbowEye,6,1
Rolandscythe,6,2
ThatGuyYouMightNo,6,19
KS-RawDog69,6,2
Liveman215,6,2
Hot-Fun-1566,6,2
Independent-Cloud822,6,1
Tall_Caterpillar_380,6,1
ThanksALotBud,6,39
PuzzleheadedBar533,6,1204
St_Kitts_Tits,6,2
FourLeafArcher,6,2
coachlife,6,1
MothersMiIk,6,4437
No_Cupcake7037,6,3
RelativeCalm1791,6,11
Choyo,6,1
Cautious_Ice_884,6,1
Humed19791a,6,2
Diknak,6,5
BitesTheDust55,6,2
Agreeable-Abalone328,6,1
No-Screen1369,6,1
sing_4_theday,6,22
NothingAndNow111,6,2
Dimorphous_Display,6,1
Several_Vanilla8916,6,2
Throwawayac1234567,6,2
Erotic-Career-7342,6,0
22JohnMcClane,6,1
Fuckalucka,6,5
PouetSK,6,1
CriminalMacabre,6,1
CalmBeneathCastles,6,1
I_hate_my_userid,6,1
Happy-For-No-Reason,6,1
CAKE_EATER251,6,1
npsimons,6,2
veryblanduser,6,3
ccutiecurvyteen,6,2
InflatableMaidDoll,6,0
MetaVaporeon,6,1
thereverend-666,6,1
Bullishbear99,6,1
VegasGamer75,6,3
coralgrymes,6,1
Kflynn1337,6,3
Bearmdusa,6,13
Skypirate90,6,1
waitingtoconnect,6,1
Mitch_Conner_65,6,1
I_am_not_JohnLeClair,6,13
sadolddrunk,6,15
vabch,6,2
anrwlias,6,2
TheyCameFromBehind77,6,7
podcasthellp,6,2
Nodan_Turtle,6,4
limevince,6,1
WhoSc3w3dDaP00ch,6,3
showmeyourmoves28,6,8
Knight_TheRider,6,39
Cakers44,6,1
610munz,6,15
MutedBrilliant1593,6,1
Mobile-Ostrich-5510,6,1
kolejack2293,6,9
Salty_Carpenter2336,6,4
froglok_monk,6,1
deepdish_eclaire,6,2
Ancient-Candle6376,6,816
TheMuteObservers,6,0
pink_faerie_kitten,6,1
SignificanceNo6097,6,29
Matthew-_-Black,6,1
Interesting_Air8238,6,7
50DuckSizedHorses,6,1
IlIlllIIIIlIllllllll,6,1
mekonsrevenge,6,88
ProfessionalFeed6755,6,1
Realistic_Mushroom72,6,1
Tito_Tito_1_,6,1
runegrabbermia,6,5
Snoo_69677,6,2
HerpetologyPupil,6,1
PintsOfGuinness_,6,1
dasbtaewntawneta,6,56
IamScottGable,6,86
Optimal_Giraffe3730,6,1
crackeddryice,6,2
Only_End9983,6,1
lancetay,6,2
awkward-2,6,10
DoverBoys,6,1
Kiryukazuma4realtho,6,1
Oturoj,6,1
DOHC46,6,77
Chakramer,6,3
dimechimes,6,3
YourMomThinksImSexy,6,4
AdmiralClover,6,72
PineStateWanderer,6,3
ilmk9396,6,2
drewgrace8,6,2
poeticentropy,6,5
mondolardo,6,1
Ok-Tomorrow-7158,6,1
Jabulon,6,1
NitroXDexe,6,1
PlumpahPeach,6,1
NeckNormal1099,6,2
for_music_and_art,6,1
ExactDevelopment4892,6,54
IMSLI,6,99
___Stevie___,6,1
JunglePygmy,6,3
Joink17,6,687
Skylantech,6,9
Barewithhippie,6,26
nicoleauroux,6,3
Ytrewq9000,6,207
malikx089,6,1
santathe1,6,1
JoyfulWorldofWork,6,1
SameScale6793,6,2
jwynnxx22,6,2
No_Tomatillo1553,6,1
OddImprovement6490,6,3
Scatamarano89,6,1
Bosonstime,6,1
SasparillaTango,6,7
DoctorFenix,6,5
Novel_Ad_8062,6,67
Geistkasten,6,2
Competitive_Royal476,6,2
gigsome,6,1
secretsaucebear,6,3
30yearCurse,6,0
Remi708,6,34
Cake-Over,6,1
WorldNewsIsFacsist,6,1
Southern_Macaron_815,6,2
sysadmin1798,6,2
SeaTie,6,1
WeAreNioh,6,5
sosaudio,6,135
spacemanspiff288,6,168
RightMolasses6504,6,3
Ghstfce,6,6
Stinkydadman,6,5
Namorath82,6,1
Alternative-Fig-6814,6,25
AnyProgressIsGood,6,1
LA__Ray,6,3
rowdymowdy,6,2
EnvironmentalArm6557,6,1
Trips-Over-Tail,6,1
Atheizm,6,11
missannthrope1,6,2
Cavaquillo,6,1
citizenjones,6,836
Oldestswinger,6,1
Seel_Team_Six,6,1
0ever,6,1
Swordman50,6,1
The_8th_Angel,6,729
camelbuck,6,1
Outside-Enthusiasm30,6,3
MyNameIsDaveToo,6,1
Morabann,6,26
rarsamx,6,1
JustTheOneGoose22,6,2
veganize-it,6,1
DuntadaMan,6,1
sexi_squidward,6,603
Telo712,6,7
ProperMod,6,12
Conscious_Wind_2255,6,3
TonyG_from_NYC,6,144
NickWildeSimp1,6,681
PM-me-letitsnow,6,6
DigitalJedi850,6,17
I-am-Chubbasaurus,6,3
