11,6,link,v.redd.it,0,0,0,NULL,0,1,256032,11407,0.92
13,1,link,i.redd.it,0,0,0,NULL,0,1,199284,31959,0.76
5,3,link,v.redd.it,0,0,0,NULL,0,1,173516,2878,0.92
11,5,link,v.redd.it,0,0,0,NULL,0,1,171618,260,0.74
16,1,link,v.redd.it,0,0,0,NULL,0,1,171399,2546,0.83
8,3,link,i.redd.it,0,0,0,NULL,0,1,168674,3229,0.92
6,2,link,i.redd.it,0,0,0,NULL,0,1,155916,2000,0.97
7,2,link,reddit.com,0,0,0,NULL,0,1,154913,4194,0.93
8,1,link,v.redd.it,0,0,0,NULL,0,1,152938,1950,0.92
14,5,link,i.redd.it,0,0,0,NULL,0,1,152186,361,0.96
18,2,link,i.redd.it,0,0,0,NULL,0,1,146579,2035,0.94
12,5,link,i.redd.it,0,0,0,NULL,0,1,145698,18903,0.81
17,4,link,i.redd.it,0,0,0,NULL,0,1,142326,8435,0.87
22,6,link,i.redd.it,0,0,0,NULL,0,1,139414,14254,0.68
21,3,link,i.redd.it,0,0,0,NULL,0,1,137488,14014,0.9
18,6,link,v.redd.it,0,0,0,NULL,0,1,135681,4381,0.86
10,5,link,i.redd.it,0,0,0,NULL,0,1,135100,1546,0.96
15,3,link,i.redd.it,0,0,0,NULL,0,1,135027,1830,0.86
12,6,link,i.redd.it,0,0,0,NULL,0,1,134941,643,0.97
18,5,link,v.redd.it,0,0,0,NULL,0,1,132329,1826,0.95
12,6,link,v.redd.it,0,0,0,NULL,0,1,132283,3583,0.96
22,6,link,v.redd.it,0,0,0,NULL,0,1,130468,553,0.96
14,4,link,i.redd.it,0,0,0,NULL,0,1,128914,788,0.93
6,5,link,i.redd.it,0,0,0,NULL,0,2,128634,14508,0.735
8,6,link,v.redd.it,0,0,0,NULL,0,1,126628,4778,0.92
4,3,link,v.redd.it,0,0,0,NULL,0,1,125960,1413,0.97
4,5,link,i.redd.it,0,0,0,NULL,0,1,125915,2645,0.89
6,7,link,reddit.com,0,0,0,NULL,0,1,124696,1259,0.96
19,2,link,i.redd.it,0,0,0,NULL,0,1,123614,4515,0.92
18,1,link,i.redd.it,0,0,0,NULL,0,1,122620,654,0.97
8,1,link,i.redd.it,0,0,0,NULL,0,1,122554,1808,0.87
0,2,link,v.redd.it,0,0,0,NULL,0,1,121362,5474,0.91
